"Date(UTC)","UnixTimeStamp","Value"
"7/30/2015","1438214400","0.0000"
"7/31/2015","1438300800","0.0000"
"8/1/2015","1438387200","0.0000"
"8/2/2015","1438473600","0.0000"
"8/3/2015","1438560000","0.0000"
"8/4/2015","1438646400","0.0000"
"8/5/2015","1438732800","0.0000"
"8/6/2015","1438819200","0.0000"
"8/7/2015","1438905600","0.1317"
"8/8/2015","1438992000","0.0468"
"8/9/2015","1439078400","0.0024"
"8/10/2015","1439164800","0.0045"
"8/11/2015","1439251200","0.0099"
"8/12/2015","1439337600","0.0044"
"8/13/2015","1439424000","0.0053"
"8/14/2015","1439510400","0.0043"
"8/15/2015","1439596800","0.0035"
"8/16/2015","1439683200","0.0036"
"8/17/2015","1439769600","0.0036"
"8/18/2015","1439856000","0.0043"
"8/19/2015","1439942400","0.0056"
"8/20/2015","1440028800","0.0050"
"8/21/2015","1440115200","0.0067"
"8/22/2015","1440201600","0.0055"
"8/23/2015","1440288000","0.0075"
"8/24/2015","1440374400","0.0060"
"8/25/2015","1440460800","0.0071"
"8/26/2015","1440547200","0.0063"
"8/27/2015","1440633600","0.0100"
"8/28/2015","1440720000","0.0077"
"8/29/2015","1440806400","0.0073"
"8/30/2015","1440892800","0.0079"
"8/31/2015","1440979200","0.0100"
"9/1/2015","1441065600","0.0113"
"9/2/2015","1441152000","0.0124"
"9/3/2015","1441238400","0.0119"
"9/4/2015","1441324800","0.0120"
"9/5/2015","1441411200","0.0103"
"9/6/2015","1441497600","0.0091"
"9/7/2015","1441584000","0.0113"
"9/8/2015","1441670400","0.0103"
"9/9/2015","1441756800","0.0110"
"9/10/2015","1441843200","0.0090"
"9/11/2015","1441929600","0.0099"
"9/12/2015","1442016000","0.0118"
"9/13/2015","1442102400","0.0114"
"9/14/2015","1442188800","0.0113"
"9/15/2015","1442275200","0.0098"
"9/16/2015","1442361600","0.0094"
"9/17/2015","1442448000","0.0097"
"9/18/2015","1442534400","0.0139"
"9/19/2015","1442620800","0.0095"
"9/20/2015","1442707200","0.0124"
"9/21/2015","1442793600","0.0120"
"9/22/2015","1442880000","0.0133"
"9/23/2015","1442966400","0.0122"
"9/24/2015","1443052800","0.0117"
"9/25/2015","1443139200","0.0111"
"9/26/2015","1443225600","0.0104"
"9/27/2015","1443312000","0.0111"
"9/28/2015","1443398400","0.0115"
"9/29/2015","1443484800","0.0107"
"9/30/2015","1443571200","0.0108"
"10/1/2015","1443657600","0.0102"
"10/2/2015","1443744000","0.0109"
"10/3/2015","1443830400","0.0111"
"10/4/2015","1443916800","0.0114"
"10/5/2015","1444003200","0.0138"
"10/6/2015","1444089600","0.0123"
"10/7/2015","1444176000","0.0145"
"10/8/2015","1444262400","0.0128"
"10/9/2015","1444348800","0.0117"
"10/10/2015","1444435200","0.0113"
"10/11/2015","1444521600","0.0097"
"10/12/2015","1444608000","0.0124"
"10/13/2015","1444694400","0.0139"
"10/14/2015","1444780800","0.0125"
"10/15/2015","1444867200","0.0225"
"10/16/2015","1444953600","0.0261"
"10/17/2015","1445040000","0.0145"
"10/18/2015","1445126400","0.0161"
"10/19/2015","1445212800","0.0139"
"10/20/2015","1445299200","0.0122"
"10/21/2015","1445385600","0.0115"
"10/22/2015","1445472000","0.0157"
"10/23/2015","1445558400","0.0157"
"10/24/2015","1445644800","0.0130"
"10/25/2015","1445731200","0.0106"
"10/26/2015","1445817600","0.0132"
"10/27/2015","1445904000","0.0223"
"10/28/2015","1445990400","0.0130"
"10/29/2015","1446076800","0.0149"
"10/30/2015","1446163200","0.0152"
"10/31/2015","1446249600","0.0184"
"11/1/2015","1446336000","0.0195"
"11/2/2015","1446422400","0.0122"
"11/3/2015","1446508800","0.0148"
"11/4/2015","1446595200","0.0112"
"11/5/2015","1446681600","0.0125"
"11/6/2015","1446768000","0.0192"
"11/7/2015","1446854400","0.0370"
"11/8/2015","1446940800","0.0357"
"11/9/2015","1447027200","0.0134"
"11/10/2015","1447113600","0.0181"
"11/11/2015","1447200000","0.0262"
"11/12/2015","1447286400","0.0282"
"11/13/2015","1447372800","0.0174"
"11/14/2015","1447459200","0.0224"
"11/15/2015","1447545600","0.0138"
"11/16/2015","1447632000","0.0115"
"11/17/2015","1447718400","0.0106"
"11/18/2015","1447804800","0.0122"
"11/19/2015","1447891200","0.0186"
"11/20/2015","1447977600","0.0145"
"11/21/2015","1448064000","0.0127"
"11/22/2015","1448150400","0.0127"
"11/23/2015","1448236800","0.0146"
"11/24/2015","1448323200","0.0136"
"11/25/2015","1448409600","0.0152"
"11/26/2015","1448496000","0.0111"
"11/27/2015","1448582400","0.0107"
"11/28/2015","1448668800","0.0176"
"11/29/2015","1448755200","0.0108"
"11/30/2015","1448841600","0.0237"
"12/1/2015","1448928000","0.0145"
"12/2/2015","1449014400","0.0138"
"12/3/2015","1449100800","0.0121"
"12/4/2015","1449187200","0.0143"
"12/5/2015","1449273600","0.0147"
"12/6/2015","1449360000","0.0208"
"12/7/2015","1449446400","0.0113"
"12/8/2015","1449532800","0.0111"
"12/9/2015","1449619200","0.0110"
"12/10/2015","1449705600","0.0127"
"12/11/2015","1449792000","0.0170"
"12/12/2015","1449878400","0.0222"
"12/13/2015","1449964800","0.0196"
"12/14/2015","1450051200","0.0901"
"12/15/2015","1450137600","0.1209"
"12/16/2015","1450224000","0.0536"
"12/17/2015","1450310400","0.0381"
"12/18/2015","1450396800","0.0382"
"12/19/2015","1450483200","0.0341"
"12/20/2015","1450569600","0.0421"
"12/21/2015","1450656000","0.0474"
"12/22/2015","1450742400","0.0695"
"12/23/2015","1450828800","0.0908"
"12/24/2015","1450915200","0.0553"
"12/25/2015","1451001600","0.0315"
"12/26/2015","1451088000","0.0374"
"12/27/2015","1451174400","0.0803"
"12/28/2015","1451260800","0.0430"
"12/29/2015","1451347200","0.0397"
"12/30/2015","1451433600","0.0851"
"12/31/2015","1451520000","0.0286"
"1/1/2016","1451606400","0.0190"
"1/2/2016","1451692800","0.0230"
"1/3/2016","1451779200","0.0229"
"1/4/2016","1451865600","0.0251"
"1/5/2016","1451952000","0.0667"
"1/6/2016","1452038400","0.0778"
"1/7/2016","1452124800","0.0785"
"1/8/2016","1452211200","0.0298"
"1/9/2016","1452297600","0.0454"
"1/10/2016","1452384000","0.0307"
"1/11/2016","1452470400","0.0301"
"1/12/2016","1452556800","0.0305"
"1/13/2016","1452643200","0.0644"
"1/14/2016","1452729600","0.0306"
"1/15/2016","1452816000","0.0257"
"1/16/2016","1452902400","0.0264"
"1/17/2016","1452988800","0.0204"
"1/18/2016","1453075200","0.0371"
"1/19/2016","1453161600","0.0434"
"1/20/2016","1453248000","0.0220"
"1/21/2016","1453334400","0.0220"
"1/22/2016","1453420800","0.0362"
"1/23/2016","1453507200","0.0208"
"1/24/2016","1453593600","0.0261"
"1/25/2016","1453680000","0.0474"
"1/26/2016","1453766400","0.0416"
"1/27/2016","1453852800","0.0631"
"1/28/2016","1453939200","0.0477"
"1/29/2016","1454025600","0.0423"
"1/30/2016","1454112000","0.0347"
"1/31/2016","1454198400","0.0345"
"2/1/2016","1454284800","0.0297"
"2/2/2016","1454371200","0.0298"
"2/3/2016","1454457600","0.0278"
"2/4/2016","1454544000","0.0308"
"2/5/2016","1454630400","0.0336"
"2/6/2016","1454716800","0.0965"
"2/7/2016","1454803200","0.0285"
"2/8/2016","1454889600","0.0282"
"2/9/2016","1454976000","0.0289"
"2/10/2016","1455062400","0.0315"
"2/11/2016","1455148800","0.0433"
"2/12/2016","1455235200","0.0342"
"2/13/2016","1455321600","0.0396"
"2/14/2016","1455408000","0.0328"
"2/15/2016","1455494400","0.0349"
"2/16/2016","1455580800","0.0373"
"2/17/2016","1455667200","0.0474"
"2/18/2016","1455753600","0.0343"
"2/19/2016","1455840000","0.0415"
"2/20/2016","1455926400","0.0315"
"2/21/2016","1456012800","0.0320"
"2/22/2016","1456099200","0.0346"
"2/23/2016","1456185600","0.0993"
"2/24/2016","1456272000","0.0563"
"2/25/2016","1456358400","0.0353"
"2/26/2016","1456444800","0.0605"
"2/27/2016","1456531200","0.0340"
"2/28/2016","1456617600","0.0332"
"2/29/2016","1456704000","0.0385"
"3/1/2016","1456790400","0.0371"
"3/2/2016","1456876800","0.0382"
"3/3/2016","1456963200","0.0411"
"3/4/2016","1457049600","0.0292"
"3/5/2016","1457136000","0.0340"
"3/6/2016","1457222400","0.0385"
"3/7/2016","1457308800","0.0353"
"3/8/2016","1457395200","0.0307"
"3/9/2016","1457481600","0.0307"
"3/10/2016","1457568000","0.0281"
"3/11/2016","1457654400","0.0271"
"3/12/2016","1457740800","0.0339"
"3/13/2016","1457827200","0.0343"
"3/14/2016","1457913600","0.0397"
"3/15/2016","1458000000","0.0320"
"3/16/2016","1458086400","0.0314"
"3/17/2016","1458172800","0.0359"
"3/18/2016","1458259200","0.0336"
"3/19/2016","1458345600","0.0440"
"3/20/2016","1458432000","0.0407"
"3/21/2016","1458518400","0.0393"
"3/22/2016","1458604800","0.0392"
"3/23/2016","1458691200","0.0435"
"3/24/2016","1458777600","0.0565"
"3/25/2016","1458864000","0.0459"
"3/26/2016","1458950400","0.0462"
"3/27/2016","1459036800","0.0290"
"3/28/2016","1459123200","0.0419"
"3/29/2016","1459209600","0.0346"
"3/30/2016","1459296000","0.0464"
"3/31/2016","1459382400","0.0382"
"4/1/2016","1459468800","0.0379"
"4/2/2016","1459555200","0.0283"
"4/3/2016","1459641600","0.0282"
"4/4/2016","1459728000","0.0390"
"4/5/2016","1459814400","0.0450"
"4/6/2016","1459900800","0.0334"
"4/7/2016","1459987200","0.0341"
"4/8/2016","1460073600","0.0390"
"4/9/2016","1460160000","0.0316"
"4/10/2016","1460246400","0.0295"
"4/11/2016","1460332800","0.0289"
"4/12/2016","1460419200","0.0362"
"4/13/2016","1460505600","0.0439"
"4/14/2016","1460592000","0.0394"
"4/15/2016","1460678400","0.0369"
"4/16/2016","1460764800","0.0267"
"4/17/2016","1460851200","0.0423"
"4/18/2016","1460937600","0.0318"
"4/19/2016","1461024000","0.0304"
"4/20/2016","1461110400","0.0378"
"4/21/2016","1461196800","0.0442"
"4/22/2016","1461283200","0.0324"
"4/23/2016","1461369600","0.0302"
"4/24/2016","1461456000","0.0360"
"4/25/2016","1461542400","0.0374"
"4/26/2016","1461628800","0.0335"
"4/27/2016","1461715200","0.0322"
"4/28/2016","1461801600","0.0356"
"4/29/2016","1461888000","0.0374"
"4/30/2016","1461974400","0.0484"
"5/1/2016","1462060800","0.0540"
"5/2/2016","1462147200","0.0411"
"5/3/2016","1462233600","0.0402"
"5/4/2016","1462320000","0.0426"
"5/5/2016","1462406400","0.0477"
"5/6/2016","1462492800","0.0564"
"5/7/2016","1462579200","0.0360"
"5/8/2016","1462665600","0.0442"
"5/9/2016","1462752000","0.0414"
"5/10/2016","1462838400","0.0427"
"5/11/2016","1462924800","0.0501"
"5/12/2016","1463011200","0.0568"
"5/13/2016","1463097600","0.0580"
"5/14/2016","1463184000","0.0548"
"5/15/2016","1463270400","0.0505"
"5/16/2016","1463356800","0.0446"
"5/17/2016","1463443200","0.0449"
"5/18/2016","1463529600","0.0533"
"5/19/2016","1463616000","0.0513"
"5/20/2016","1463702400","0.0583"
"5/21/2016","1463788800","0.0573"
"5/22/2016","1463875200","0.0443"
"5/23/2016","1463961600","0.0468"
"5/24/2016","1464048000","0.0445"
"5/25/2016","1464134400","0.0516"
"5/26/2016","1464220800","0.0570"
"5/27/2016","1464307200","0.0583"
"5/28/2016","1464393600","0.1044"
"5/29/2016","1464480000","0.0575"
"5/30/2016","1464566400","0.0497"
"5/31/2016","1464652800","0.0503"
"6/1/2016","1464739200","0.0501"
"6/2/2016","1464825600","0.0404"
"6/3/2016","1464912000","0.0400"
"6/4/2016","1464998400","0.0391"
"6/5/2016","1465084800","0.0383"
"6/6/2016","1465171200","0.0396"
"6/7/2016","1465257600","0.1004"
"6/8/2016","1465344000","0.0440"
"6/9/2016","1465430400","0.0451"
"6/10/2016","1465516800","0.0468"
"6/11/2016","1465603200","0.0433"
"6/12/2016","1465689600","0.0455"
"6/13/2016","1465776000","0.0587"
"6/14/2016","1465862400","0.0615"
"6/15/2016","1465948800","0.0490"
"6/16/2016","1466035200","0.0640"
"6/17/2016","1466121600","0.3475"
"6/18/2016","1466208000","0.4701"
"6/19/2016","1466294400","0.0865"
"6/20/2016","1466380800","0.0867"
"6/21/2016","1466467200","0.1009"
"6/22/2016","1466553600","0.0797"
"6/23/2016","1466640000","0.0519"
"6/24/2016","1466726400","0.0645"
"6/25/2016","1466812800","0.0461"
"6/26/2016","1466899200","0.0520"
"6/27/2016","1466985600","0.0673"
"6/28/2016","1467072000","0.0748"
"6/29/2016","1467158400","0.0904"
"6/30/2016","1467244800","0.1434"
"7/1/2016","1467331200","0.0747"
"7/2/2016","1467417600","0.0397"
"7/3/2016","1467504000","0.0501"
"7/4/2016","1467590400","0.0428"
"7/5/2016","1467676800","0.0488"
"7/6/2016","1467763200","0.0482"
"7/7/2016","1467849600","0.0429"
"7/8/2016","1467936000","0.0652"
"7/9/2016","1468022400","0.0809"
"7/10/2016","1468108800","0.0450"
"7/11/2016","1468195200","0.0458"
"7/12/2016","1468281600","0.0537"
"7/13/2016","1468368000","0.0401"
"7/14/2016","1468454400","0.0526"
"7/15/2016","1468540800","0.0481"
"7/16/2016","1468627200","0.0382"
"7/17/2016","1468713600","0.0315"
"7/18/2016","1468800000","0.0411"
"7/19/2016","1468886400","0.0484"
"7/20/2016","1468972800","0.1288"
"7/21/2016","1469059200","0.0542"
"7/22/2016","1469145600","0.0619"
"7/23/2016","1469232000","0.0518"
"7/24/2016","1469318400","0.0580"
"7/25/2016","1469404800","0.0618"
"7/26/2016","1469491200","0.0721"
"7/27/2016","1469577600","0.0590"
"7/28/2016","1469664000","0.0734"
"7/29/2016","1469750400","0.0715"
"7/30/2016","1469836800","0.0486"
"7/31/2016","1469923200","0.0476"
"8/1/2016","1470009600","0.0485"
"8/2/2016","1470096000","0.0545"
"8/3/2016","1470182400","0.0526"
"8/4/2016","1470268800","0.0503"
"8/5/2016","1470355200","0.0456"
"8/6/2016","1470441600","0.0418"
"8/7/2016","1470528000","0.0441"
"8/8/2016","1470614400","0.0899"
"8/9/2016","1470700800","0.0485"
"8/10/2016","1470787200","0.0516"
"8/11/2016","1470873600","0.0500"
"8/12/2016","1470960000","0.0468"
"8/13/2016","1471046400","0.0401"
"8/14/2016","1471132800","0.0386"
"8/15/2016","1471219200","0.0428"
"8/16/2016","1471305600","0.0497"
"8/17/2016","1471392000","0.0457"
"8/18/2016","1471478400","0.0574"
"8/19/2016","1471564800","0.0467"
"8/20/2016","1471651200","0.0426"
"8/21/2016","1471737600","0.0446"
"8/22/2016","1471824000","0.0475"
"8/23/2016","1471910400","0.1214"
"8/24/2016","1471996800","0.0479"
"8/25/2016","1472083200","0.0524"
"8/26/2016","1472169600","0.0511"
"8/27/2016","1472256000","0.0453"
"8/28/2016","1472342400","0.0407"
"8/29/2016","1472428800","0.0466"
"8/30/2016","1472515200","0.0519"
"8/31/2016","1472601600","0.0474"
"9/1/2016","1472688000","0.0509"
"9/2/2016","1472774400","0.0731"
"9/3/2016","1472860800","0.0440"
"9/4/2016","1472947200","0.0764"
"9/5/2016","1473033600","0.0455"
"9/6/2016","1473120000","0.0541"
"9/7/2016","1473206400","0.0546"
"9/8/2016","1473292800","0.0658"
"9/9/2016","1473379200","0.0669"
"9/10/2016","1473465600","0.0431"
"9/11/2016","1473552000","0.0426"
"9/12/2016","1473638400","0.0541"
"9/13/2016","1473724800","0.0485"
"9/14/2016","1473811200","0.0587"
"9/15/2016","1473897600","0.0584"
"9/16/2016","1473984000","0.0768"
"9/17/2016","1474070400","0.0557"
"9/18/2016","1474156800","0.0491"
"9/19/2016","1474243200","0.0409"
"9/20/2016","1474329600","0.0511"
"9/21/2016","1474416000","0.0490"
"9/22/2016","1474502400","0.1127"
"9/23/2016","1474588800","0.2174"
"9/24/2016","1474675200","0.3263"
"9/25/2016","1474761600","0.1860"
"9/26/2016","1474848000","0.2901"
"9/27/2016","1474934400","0.2899"
"9/28/2016","1475020800","0.2375"
"9/29/2016","1475107200","0.1520"
"9/30/2016","1475193600","0.1412"
"10/1/2016","1475280000","0.4596"
"10/2/2016","1475366400","0.4114"
"10/3/2016","1475452800","0.2921"
"10/4/2016","1475539200","0.3563"
"10/5/2016","1475625600","0.3289"
"10/6/2016","1475712000","0.2591"
"10/7/2016","1475798400","0.2748"
"10/8/2016","1475884800","0.2763"
"10/9/2016","1475971200","0.2994"
"10/10/2016","1476057600","0.2730"
"10/11/2016","1476144000","0.1728"
"10/12/2016","1476230400","0.1722"
"10/13/2016","1476316800","0.1551"
"10/14/2016","1476403200","0.2221"
"10/15/2016","1476489600","0.3449"
"10/16/2016","1476576000","0.3270"
"10/17/2016","1476662400","0.3618"
"10/18/2016","1476748800","0.3988"
"10/19/2016","1476835200","0.2465"
"10/20/2016","1476921600","0.2083"
"10/21/2016","1477008000","0.2118"
"10/22/2016","1477094400","0.1457"
"10/23/2016","1477180800","0.0838"
"10/24/2016","1477267200","0.1445"
"10/25/2016","1477353600","0.1324"
"10/26/2016","1477440000","0.1084"
"10/27/2016","1477526400","0.1071"
"10/28/2016","1477612800","0.1079"
"10/29/2016","1477699200","0.0974"
"10/30/2016","1477785600","0.0949"
"10/31/2016","1477872000","0.1099"
"11/1/2016","1477958400","0.1262"
"11/2/2016","1478044800","0.1005"
"11/3/2016","1478131200","0.0989"
"11/4/2016","1478217600","0.0771"
"11/5/2016","1478304000","0.0843"
"11/6/2016","1478390400","0.0795"
"11/7/2016","1478476800","0.0916"
"11/8/2016","1478563200","0.1046"
"11/9/2016","1478649600","0.1179"
"11/10/2016","1478736000","0.1128"
"11/11/2016","1478822400","0.1094"
"11/12/2016","1478908800","0.0965"
"11/13/2016","1478995200","0.1049"
"11/14/2016","1479081600","0.1200"
"11/15/2016","1479168000","0.1183"
"11/16/2016","1479254400","0.1082"
"11/17/2016","1479340800","0.1018"
"11/18/2016","1479427200","0.1068"
"11/19/2016","1479513600","0.0899"
"11/20/2016","1479600000","0.1023"
"11/21/2016","1479686400","0.1113"
"11/22/2016","1479772800","0.1326"
"11/23/2016","1479859200","0.2713"
"11/24/2016","1479945600","0.1196"
"11/25/2016","1480032000","0.1682"
"11/26/2016","1480118400","0.1498"
"11/27/2016","1480204800","0.2307"
"11/28/2016","1480291200","0.2357"
"11/29/2016","1480377600","0.1983"
"11/30/2016","1480464000","0.0725"
"12/1/2016","1480550400","0.0592"
"12/2/2016","1480636800","0.0642"
"12/3/2016","1480723200","0.0655"
"12/4/2016","1480809600","0.0683"
"12/5/2016","1480896000","0.0642"
"12/6/2016","1480982400","0.0608"
"12/7/2016","1481068800","0.0578"
"12/8/2016","1481155200","0.0505"
"12/9/2016","1481241600","0.0550"
"12/10/2016","1481328000","0.0539"
"12/11/2016","1481414400","0.0744"
"12/12/2016","1481500800","0.0535"
"12/13/2016","1481587200","0.0546"
"12/14/2016","1481673600","0.0753"
"12/15/2016","1481760000","0.0776"
"12/16/2016","1481846400","0.0574"
"12/17/2016","1481932800","0.0618"
"12/18/2016","1482019200","0.0577"
"12/19/2016","1482105600","0.0646"
"12/20/2016","1482192000","0.0628"
"12/21/2016","1482278400","0.0739"
"12/22/2016","1482364800","0.0746"
"12/23/2016","1482451200","0.0562"
"12/24/2016","1482537600","0.0496"
"12/25/2016","1482624000","0.0425"
"12/26/2016","1482710400","0.0412"
"12/27/2016","1482796800","0.0597"
"12/28/2016","1482883200","0.0559"
"12/29/2016","1482969600","0.0670"
"12/30/2016","1483056000","0.0641"
"12/31/2016","1483142400","0.0576"
"1/1/2017","1483228800","0.0471"
"1/2/2017","1483315200","0.0510"
"1/3/2017","1483401600","0.0713"
"1/4/2017","1483488000","0.0701"
"1/5/2017","1483574400","0.0630"
"1/6/2017","1483660800","0.0592"
"1/7/2017","1483747200","0.0575"
"1/8/2017","1483833600","0.0597"
"1/9/2017","1483920000","0.0639"
"1/10/2017","1484006400","0.0690"
"1/11/2017","1484092800","0.0631"
"1/12/2017","1484179200","0.0689"
"1/13/2017","1484265600","0.0694"
"1/14/2017","1484352000","0.0550"
"1/15/2017","1484438400","0.0549"
"1/16/2017","1484524800","0.0597"
"1/17/2017","1484611200","0.0725"
"1/18/2017","1484697600","0.0623"
"1/19/2017","1484784000","0.0576"
"1/20/2017","1484870400","0.0649"
"1/21/2017","1484956800","0.0573"
"1/22/2017","1485043200","0.0676"
"1/23/2017","1485129600","0.0667"
"1/24/2017","1485216000","0.0780"
"1/25/2017","1485302400","0.0697"
"1/26/2017","1485388800","0.0681"
"1/27/2017","1485475200","0.0652"
"1/28/2017","1485561600","0.0636"
"1/29/2017","1485648000","0.0576"
"1/30/2017","1485734400","0.0624"
"1/31/2017","1485820800","0.0584"
"2/1/2017","1485907200","0.0718"
"2/2/2017","1485993600","0.0646"
"2/3/2017","1486080000","0.0633"
"2/4/2017","1486166400","0.0598"
"2/5/2017","1486252800","0.0644"
"2/6/2017","1486339200","0.0660"
"2/7/2017","1486425600","0.0825"
"2/8/2017","1486512000","0.0754"
"2/9/2017","1486598400","0.0716"
"2/10/2017","1486684800","0.0841"
"2/11/2017","1486771200","0.0735"
"2/12/2017","1486857600","0.0723"
"2/13/2017","1486944000","0.0962"
"2/14/2017","1487030400","0.0909"
"2/15/2017","1487116800","0.0962"
"2/16/2017","1487203200","0.0719"
"2/17/2017","1487289600","0.0719"
"2/18/2017","1487376000","0.0777"
"2/19/2017","1487462400","0.0669"
"2/20/2017","1487548800","0.0749"
"2/21/2017","1487635200","0.0981"
"2/22/2017","1487721600","0.0906"
"2/23/2017","1487808000","0.0761"
"2/24/2017","1487894400","0.0751"
"2/25/2017","1487980800","0.0833"
"2/26/2017","1488067200","0.0698"
"2/27/2017","1488153600","0.0802"
"2/28/2017","1488240000","0.0870"
"3/1/2017","1488326400","0.0919"
"3/2/2017","1488412800","0.0943"
"3/3/2017","1488499200","0.0853"
"3/4/2017","1488585600","0.0783"
"3/5/2017","1488672000","0.0777"
"3/6/2017","1488758400","0.0761"
"3/7/2017","1488844800","0.0820"
"3/8/2017","1488931200","0.0725"
"3/9/2017","1489017600","0.0922"
"3/10/2017","1489104000","0.0951"
"3/11/2017","1489190400","0.0881"
"3/12/2017","1489276800","0.0891"
"3/13/2017","1489363200","0.1333"
"3/14/2017","1489449600","0.1302"
"3/15/2017","1489536000","0.1138"
"3/16/2017","1489622400","0.1520"
"3/17/2017","1489708800","0.1379"
"3/18/2017","1489795200","0.1107"
"3/19/2017","1489881600","0.1051"
"3/20/2017","1489968000","0.1023"
"3/21/2017","1490054400","0.1119"
"3/22/2017","1490140800","0.1052"
"3/23/2017","1490227200","0.1100"
"3/24/2017","1490313600","0.1121"
"3/25/2017","1490400000","0.1023"
"3/26/2017","1490486400","0.1074"
"3/27/2017","1490572800","0.1456"
"3/28/2017","1490659200","0.1177"
"3/29/2017","1490745600","0.1237"
"3/30/2017","1490832000","0.1265"
"3/31/2017","1490918400","0.1374"
"4/1/2017","1491004800","0.1028"
"4/2/2017","1491091200","0.1209"
"4/3/2017","1491177600","0.1321"
"4/4/2017","1491264000","0.1157"
"4/5/2017","1491350400","0.1195"
"4/6/2017","1491436800","0.1306"
"4/7/2017","1491523200","0.1308"
"4/8/2017","1491609600","0.0951"
"4/9/2017","1491696000","0.1100"
"4/10/2017","1491782400","0.1163"
"4/11/2017","1491868800","0.1128"
"4/12/2017","1491955200","0.1360"
"4/13/2017","1492041600","0.1178"
"4/14/2017","1492128000","0.1189"
"4/15/2017","1492214400","0.1111"
"4/16/2017","1492300800","0.1059"
"4/17/2017","1492387200","0.1158"
"4/18/2017","1492473600","0.1331"
"4/19/2017","1492560000","0.1485"
"4/20/2017","1492646400","0.1419"
"4/21/2017","1492732800","0.1532"
"4/22/2017","1492819200","0.1268"
"4/23/2017","1492905600","0.1215"
"4/24/2017","1492992000","0.1288"
"4/25/2017","1493078400","0.1421"
"4/26/2017","1493164800","0.1402"
"4/27/2017","1493251200","0.1596"
"4/28/2017","1493337600","0.1475"
"4/29/2017","1493424000","0.1274"
"4/30/2017","1493510400","0.1392"
"5/1/2017","1493596800","0.1826"
"5/2/2017","1493683200","0.1924"
"5/3/2017","1493769600","0.1431"
"5/4/2017","1493856000","0.1713"
"5/5/2017","1493942400","0.1522"
"5/6/2017","1494028800","0.1601"
"5/7/2017","1494115200","0.1783"
"5/8/2017","1494201600","0.1804"
"5/9/2017","1494288000","0.2027"
"5/10/2017","1494374400","0.2048"
"5/11/2017","1494460800","0.2056"
"5/12/2017","1494547200","0.2152"
"5/13/2017","1494633600","0.2110"
"5/14/2017","1494720000","0.2221"
"5/15/2017","1494806400","0.2713"
"5/16/2017","1494892800","0.2712"
"5/17/2017","1494979200","0.3360"
"5/18/2017","1495065600","0.3059"
"5/19/2017","1495152000","0.3589"
"5/20/2017","1495238400","0.3060"
"5/21/2017","1495324800","0.3248"
"5/22/2017","1495411200","0.3506"
"5/23/2017","1495497600","0.4617"
"5/24/2017","1495584000","0.4831"
"5/25/2017","1495670400","0.4232"
"5/26/2017","1495756800","0.3991"
"5/27/2017","1495843200","0.3506"
"5/28/2017","1495929600","0.3752"
"5/29/2017","1496016000","0.3536"
"5/30/2017","1496102400","0.4952"
"5/31/2017","1496188800","0.5494"
"6/1/2017","1496275200","0.4654"
"6/2/2017","1496361600","0.5484"
"6/3/2017","1496448000","0.4182"
"6/4/2017","1496534400","0.4386"
"6/5/2017","1496620800","0.3960"
"6/6/2017","1496707200","0.4489"
"6/7/2017","1496793600","0.4695"
"6/8/2017","1496880000","0.4193"
"6/9/2017","1496966400","0.4513"
"6/10/2017","1497052800","0.3931"
"6/11/2017","1497139200","0.5136"
"6/12/2017","1497225600","0.6153"
"6/13/2017","1497312000","0.4973"
"6/14/2017","1497398400","0.4601"
"6/15/2017","1497484800","0.4752"
"6/16/2017","1497571200","0.4754"
"6/17/2017","1497657600","0.4617"
"6/18/2017","1497744000","0.4944"
"6/19/2017","1497830400","0.5514"
"6/20/2017","1497916800","0.6978"
"6/21/2017","1498003200","0.7020"
"6/22/2017","1498089600","0.7256"
"6/23/2017","1498176000","0.5563"
"6/24/2017","1498262400","0.5853"
"6/25/2017","1498348800","0.5348"
"6/26/2017","1498435200","0.5792"
"6/27/2017","1498521600","0.4956"
"6/28/2017","1498608000","0.6513"
"6/29/2017","1498694400","0.5412"
"6/30/2017","1498780800","0.4088"
"7/1/2017","1498867200","0.3728"
"7/2/2017","1498953600","0.3852"
"7/3/2017","1499040000","0.4774"
"7/4/2017","1499126400","0.4445"
"7/5/2017","1499212800","0.4447"
"7/6/2017","1499299200","0.3894"
"7/7/2017","1499385600","0.4070"
"7/8/2017","1499472000","0.3767"
"7/9/2017","1499558400","0.3061"
"7/10/2017","1499644800","0.4344"
"7/11/2017","1499731200","0.4645"
"7/12/2017","1499817600","0.4698"
"7/13/2017","1499904000","0.4948"
"7/14/2017","1499990400","0.4212"
"7/15/2017","1500076800","0.3446"
"7/16/2017","1500163200","0.3667"
"7/17/2017","1500249600","0.3999"
"7/18/2017","1500336000","0.4621"
"7/19/2017","1500422400","0.3893"
"7/20/2017","1500508800","0.3748"
"7/21/2017","1500595200","0.3424"
"7/22/2017","1500681600","0.3050"
"7/23/2017","1500768000","0.3728"
"7/24/2017","1500854400","0.4422"
"7/25/2017","1500940800","0.3933"
"7/26/2017","1501027200","0.3469"
"7/27/2017","1501113600","0.3251"
"7/28/2017","1501200000","0.3828"
"7/29/2017","1501286400","0.3038"
"7/30/2017","1501372800","0.3745"
"7/31/2017","1501459200","0.4147"
"8/1/2017","1501545600","0.4631"
"8/2/2017","1501632000","0.4244"
"8/3/2017","1501718400","0.4607"
"8/4/2017","1501804800","0.4768"
"8/5/2017","1501891200","0.4773"
"8/6/2017","1501977600","0.4638"
"8/7/2017","1502064000","0.5029"
"8/8/2017","1502150400","0.5632"
"8/9/2017","1502236800","0.5119"
"8/10/2017","1502323200","0.5547"
"8/11/2017","1502409600","0.6155"
"8/12/2017","1502496000","0.6102"
"8/13/2017","1502582400","0.5916"
"8/14/2017","1502668800","0.6993"
"8/15/2017","1502755200","0.8074"
"8/16/2017","1502841600","0.8304"
"8/17/2017","1502928000","0.7930"
"8/18/2017","1503014400","0.7817"
"8/19/2017","1503100800","0.6801"
"8/20/2017","1503187200","0.5701"
"8/21/2017","1503273600","0.6125"
"8/22/2017","1503360000","0.6122"
"8/23/2017","1503446400","0.6084"
"8/24/2017","1503532800","0.5557"
"8/25/2017","1503619200","0.5914"
"8/26/2017","1503705600","0.5966"
"8/27/2017","1503792000","0.6358"
"8/28/2017","1503878400","0.7125"
"8/29/2017","1503964800","0.8475"
"8/30/2017","1504051200","0.7730"
"8/31/2017","1504137600","0.8156"
"9/1/2017","1504224000","0.8048"
"9/2/2017","1504310400","0.6707"
"9/3/2017","1504396800","0.5932"
"9/4/2017","1504483200","0.7880"
"9/5/2017","1504569600","0.8610"
"9/6/2017","1504656000","0.9264"
"9/7/2017","1504742400","0.9178"
"9/8/2017","1504828800","0.8732"
"9/9/2017","1504915200","0.7523"
"9/10/2017","1505001600","0.6612"
"9/11/2017","1505088000","0.7390"
"9/12/2017","1505174400","0.7874"
"9/13/2017","1505260800","0.7602"
"9/14/2017","1505347200","0.7585"
"9/15/2017","1505433600","0.8509"
"9/16/2017","1505520000","0.8422"
"9/17/2017","1505606400","0.6753"
"9/18/2017","1505692800","0.7560"
"9/19/2017","1505779200","0.7402"
"9/20/2017","1505865600","0.7942"
"9/21/2017","1505952000","0.7171"
"9/22/2017","1506038400","0.7437"
"9/23/2017","1506124800","0.7309"
"9/24/2017","1506211200","0.7629"
"9/25/2017","1506297600","0.8107"
"9/26/2017","1506384000","0.8891"
"9/27/2017","1506470400","0.8271"
"9/28/2017","1506556800","0.8326"
"9/29/2017","1506643200","0.8371"
"9/30/2017","1506729600","0.8252"
"10/1/2017","1506816000","0.7964"
"10/2/2017","1506902400","0.8105"
"10/3/2017","1506988800","0.8584"
"10/4/2017","1507075200","0.8507"
"10/5/2017","1507161600","0.7972"
"10/6/2017","1507248000","0.8489"
"10/7/2017","1507334400","0.7803"
"10/8/2017","1507420800","0.8116"
"10/9/2017","1507507200","0.8569"
"10/10/2017","1507593600","0.8267"
"10/11/2017","1507680000","0.8234"
"10/12/2017","1507766400","0.8666"
"10/13/2017","1507852800","0.8660"
"10/14/2017","1507939200","0.8662"
"10/15/2017","1508025600","0.8575"
"10/16/2017","1508112000","0.7167"
"10/17/2017","1508198400","0.5716"
"10/18/2017","1508284800","0.5143"
"10/19/2017","1508371200","0.5726"
"10/20/2017","1508457600","0.6347"
"10/21/2017","1508544000","0.4319"
"10/22/2017","1508630400","0.4143"
"10/23/2017","1508716800","0.5266"
"10/24/2017","1508803200","0.6329"
"10/25/2017","1508889600","0.6342"
"10/26/2017","1508976000","0.6237"
"10/27/2017","1509062400","0.6326"
"10/28/2017","1509148800","0.5782"
"10/29/2017","1509235200","0.5946"
"10/30/2017","1509321600","0.6525"
"10/31/2017","1509408000","0.7004"
"11/1/2017","1509494400","0.7130"
"11/2/2017","1509580800","0.7201"
"11/3/2017","1509667200","0.6589"
"11/4/2017","1509753600","0.5138"
"11/5/2017","1509840000","0.4440"
"11/6/2017","1509926400","0.5083"
"11/7/2017","1510012800","0.5484"
"11/8/2017","1510099200","0.5600"
"11/9/2017","1510185600","0.6006"
"11/10/2017","1510272000","0.5604"
"11/11/2017","1510358400","0.5389"
"11/12/2017","1510444800","0.5468"
"11/13/2017","1510531200","0.5868"
"11/14/2017","1510617600","0.6312"
"11/15/2017","1510704000","0.6518"
"11/16/2017","1510790400","0.6168"
"11/17/2017","1510876800","0.6396"
"11/18/2017","1510963200","0.5878"
"11/19/2017","1511049600","0.5698"
"11/20/2017","1511136000","0.6278"
"11/21/2017","1511222400","0.6248"
"11/22/2017","1511308800","0.6206"
"11/23/2017","1511395200","0.6428"
"11/24/2017","1511481600","0.6287"
"11/25/2017","1511568000","0.6576"
"11/26/2017","1511654400","0.6680"
"11/27/2017","1511740800","0.7484"
"11/28/2017","1511827200","0.7399"
"11/29/2017","1511913600","0.7195"
"11/30/2017","1512000000","0.6990"
"12/1/2017","1512086400","0.7727"
"12/2/2017","1512172800","0.7420"
"12/3/2017","1512259200","0.8144"
"12/4/2017","1512345600","0.9151"
"12/5/2017","1512432000","0.9321"
"12/6/2017","1512518400","0.9205"
"12/7/2017","1512604800","0.9515"
"12/8/2017","1512691200","0.9632"
"12/9/2017","1512777600","0.9679"
"12/10/2017","1512864000","0.9512"
"12/11/2017","1512950400","0.9414"
"12/12/2017","1513036800","0.9417"
"12/13/2017","1513123200","0.9200"
"12/14/2017","1513209600","0.9657"
"12/15/2017","1513296000","0.9188"
"12/16/2017","1513382400","0.9156"
"12/17/2017","1513468800","0.9021"
"12/18/2017","1513555200","0.9342"
"12/19/2017","1513641600","0.9673"
"12/20/2017","1513728000","0.9334"
"12/21/2017","1513814400","0.9613"
"12/22/2017","1513900800","0.9368"
"12/23/2017","1513987200","0.8767"
"12/24/2017","1514073600","0.8322"
"12/25/2017","1514160000","0.7647"
"12/26/2017","1514246400","0.8079"
"12/27/2017","1514332800","0.8702"
"12/28/2017","1514419200","0.8777"
"12/29/2017","1514505600","0.9380"
"12/30/2017","1514592000","0.8997"
"12/31/2017","1514678400","0.8568"
"1/1/2018","1514764800","0.8416"
"1/2/2018","1514851200","0.9280"
"1/3/2018","1514937600","0.9433"
"1/4/2018","1515024000","0.9475"
"1/5/2018","1515110400","0.9453"
"1/6/2018","1515196800","0.9499"
"1/7/2018","1515283200","0.9558"
"1/8/2018","1515369600","0.9607"
"1/9/2018","1515456000","0.9496"
"1/10/2018","1515542400","0.9515"
"1/11/2018","1515628800","0.9412"
"1/12/2018","1515715200","0.9529"
"1/13/2018","1515801600","0.9597"
"1/14/2018","1515888000","0.9503"
"1/15/2018","1515974400","0.9690"
"1/16/2018","1516060800","0.9594"
"1/17/2018","1516147200","0.9442"
"1/18/2018","1516233600","0.9428"
"1/19/2018","1516320000","0.8940"
"1/20/2018","1516406400","0.8988"
"1/21/2018","1516492800","0.8848"
"1/22/2018","1516579200","0.9008"
"1/23/2018","1516665600","0.9027"
"1/24/2018","1516752000","0.8623"
"1/25/2018","1516838400","0.8186"
"1/26/2018","1516924800","0.8531"
"1/27/2018","1517011200","0.7686"
"1/28/2018","1517097600","0.8172"
"1/29/2018","1517184000","0.8496"
"1/30/2018","1517270400","0.8709"
"1/31/2018","1517356800","0.8770"
"2/1/2018","1517443200","0.8988"
"2/2/2018","1517529600","0.8710"
"2/3/2018","1517616000","0.8306"
"2/4/2018","1517702400","0.8161"
"2/5/2018","1517788800","0.8352"
"2/6/2018","1517875200","0.8310"
"2/7/2018","1517961600","0.8242"
"2/8/2018","1518048000","0.7814"
"2/9/2018","1518134400","0.8162"
"2/10/2018","1518220800","0.8315"
"2/11/2018","1518307200","0.8041"
"2/12/2018","1518393600","0.8151"
"2/13/2018","1518480000","0.7766"
"2/14/2018","1518566400","0.7828"
"2/15/2018","1518652800","0.8016"
"2/16/2018","1518739200","0.7962"
"2/17/2018","1518825600","0.8120"
"2/18/2018","1518912000","0.8234"
"2/19/2018","1518998400","0.8398"
"2/20/2018","1519084800","0.9028"
"2/21/2018","1519171200","0.8733"
"2/22/2018","1519257600","0.8270"
"2/23/2018","1519344000","0.8017"
"2/24/2018","1519430400","0.8167"
"2/25/2018","1519516800","0.8071"
"2/26/2018","1519603200","0.8057"
"2/27/2018","1519689600","0.8006"
"2/28/2018","1519776000","0.8335"
"3/1/2018","1519862400","0.8011"
"3/2/2018","1519948800","0.8476"
"3/3/2018","1520035200","0.7960"
"3/4/2018","1520121600","0.8236"
"3/5/2018","1520208000","0.8244"
"3/6/2018","1520294400","0.7921"
"3/7/2018","1520380800","0.8132"
"3/8/2018","1520467200","0.7997"
"3/9/2018","1520553600","0.7849"
"3/10/2018","1520640000","0.7656"
"3/11/2018","1520726400","0.7332"
"3/12/2018","1520812800","0.7992"
"3/13/2018","1520899200","0.7554"
"3/14/2018","1520985600","0.7603"
"3/15/2018","1521072000","0.7522"
"3/16/2018","1521158400","0.7385"
"3/17/2018","1521244800","0.6715"
"3/18/2018","1521331200","0.7706"
"3/19/2018","1521417600","0.7511"
"3/20/2018","1521504000","0.7308"
"3/21/2018","1521590400","0.7700"
"3/22/2018","1521676800","0.7022"
"3/23/2018","1521763200","0.7234"
"3/24/2018","1521849600","0.6788"
"3/25/2018","1521936000","0.6641"
"3/26/2018","1522022400","0.6659"
"3/27/2018","1522108800","0.6420"
"3/28/2018","1522195200","0.6219"
"3/29/2018","1522281600","0.6527"
"3/30/2018","1522368000","0.7123"
"3/31/2018","1522454400","0.6952"
"4/1/2018","1522540800","0.6820"
"4/2/2018","1522627200","0.7035"
"4/3/2018","1522713600","0.7641"
"4/4/2018","1522800000","0.7933"
"4/5/2018","1522886400","0.7935"
"4/6/2018","1522972800","0.8250"
"4/7/2018","1523059200","0.7287"
"4/8/2018","1523145600","0.7584"
"4/9/2018","1523232000","0.7601"
"4/10/2018","1523318400","0.7111"
"4/11/2018","1523404800","0.7593"
"4/12/2018","1523491200","0.8263"
"4/13/2018","1523577600","0.8439"
"4/14/2018","1523664000","0.7837"
"4/15/2018","1523750400","0.7867"
"4/16/2018","1523836800","0.8727"
"4/17/2018","1523923200","0.8679"
"4/18/2018","1524009600","0.9015"
"4/19/2018","1524096000","0.9094"
"4/20/2018","1524182400","0.9180"
"4/21/2018","1524268800","0.8600"
"4/22/2018","1524355200","0.8659"
"4/23/2018","1524441600","0.8767"
"4/24/2018","1524528000","0.8861"
"4/25/2018","1524614400","0.8651"
"4/26/2018","1524700800","0.8506"
"4/27/2018","1524787200","0.8368"
"4/28/2018","1524873600","0.8182"
"4/29/2018","1524960000","0.8464"
"4/30/2018","1525046400","0.8726"
"5/1/2018","1525132800","0.9002"
"5/2/2018","1525219200","0.9044"
"5/3/2018","1525305600","0.9057"
"5/4/2018","1525392000","0.9013"
"5/5/2018","1525478400","0.8968"
"5/6/2018","1525564800","0.8914"
"5/7/2018","1525651200","0.8745"
"5/8/2018","1525737600","0.8800"
"5/9/2018","1525824000","0.8972"
"5/10/2018","1525910400","0.9269"
"5/11/2018","1525996800","0.9174"
"5/12/2018","1526083200","0.9129"
"5/13/2018","1526169600","0.9151"
"5/14/2018","1526256000","0.9233"
"5/15/2018","1526342400","0.9197"
"5/16/2018","1526428800","0.9277"
"5/17/2018","1526515200","0.9282"
"5/18/2018","1526601600","0.9194"
"5/19/2018","1526688000","0.9159"
"5/20/2018","1526774400","0.9153"
"5/21/2018","1526860800","0.9217"
"5/22/2018","1526947200","0.9271"
"5/23/2018","1527033600","0.9146"
"5/24/2018","1527120000","0.9274"
"5/25/2018","1527206400","0.9191"
"5/26/2018","1527292800","0.9111"
"5/27/2018","1527379200","0.9208"
"5/28/2018","1527465600","0.9344"
"5/29/2018","1527552000","0.9417"
"5/30/2018","1527638400","0.9338"
"5/31/2018","1527724800","0.9548"
"6/1/2018","1527811200","0.9403"
"6/2/2018","1527897600","0.9275"
"6/3/2018","1527984000","0.9331"
"6/4/2018","1528070400","0.9385"
"6/5/2018","1528156800","0.9336"
"6/6/2018","1528243200","0.9011"
"6/7/2018","1528329600","0.9095"
"6/8/2018","1528416000","0.9177"
"6/9/2018","1528502400","0.9029"
"6/10/2018","1528588800","0.9079"
"6/11/2018","1528675200","0.9168"
"6/12/2018","1528761600","0.9098"
"6/13/2018","1528848000","0.8844"
"6/14/2018","1528934400","0.7966"
"6/15/2018","1529020800","0.8094"
"6/16/2018","1529107200","0.8718"
"6/17/2018","1529193600","0.8406"
"6/18/2018","1529280000","0.8524"
"6/19/2018","1529366400","0.8950"
"6/20/2018","1529452800","0.9125"
"6/21/2018","1529539200","0.8985"
"6/22/2018","1529625600","0.8836"
"6/23/2018","1529712000","0.7926"
"6/24/2018","1529798400","0.8030"
"6/25/2018","1529884800","0.8732"
"6/26/2018","1529971200","0.8775"
"6/27/2018","1530057600","0.8739"
"6/28/2018","1530144000","0.8658"
"6/29/2018","1530230400","0.8620"
"6/30/2018","1530316800","0.9202"
"7/1/2018","1530403200","0.9530"
"7/2/2018","1530489600","0.9365"
"7/3/2018","1530576000","0.9438"
"7/4/2018","1530662400","0.9472"
"7/5/2018","1530748800","0.9410"
"7/6/2018","1530835200","0.9372"
"7/7/2018","1530921600","0.9435"
"7/8/2018","1531008000","0.8783"
"7/9/2018","1531094400","0.9262"
"7/10/2018","1531180800","0.9071"
"7/11/2018","1531267200","0.9127"
"7/12/2018","1531353600","0.9260"
"7/13/2018","1531440000","0.9488"
"7/14/2018","1531526400","0.9439"
"7/15/2018","1531612800","0.9227"
"7/16/2018","1531699200","0.9067"
"7/17/2018","1531785600","0.9082"
"7/18/2018","1531872000","0.9033"
"7/19/2018","1531958400","0.9201"
"7/20/2018","1532044800","0.9238"
"7/21/2018","1532131200","0.9146"
"7/22/2018","1532217600","0.9150"
"7/23/2018","1532304000","0.9178"
"7/24/2018","1532390400","0.9058"
"7/25/2018","1532476800","0.9120"
"7/26/2018","1532563200","0.9131"
"7/27/2018","1532649600","0.8667"
"7/28/2018","1532736000","0.7961"
"7/29/2018","1532822400","0.7907"
"7/30/2018","1532908800","0.8608"
"7/31/2018","1532995200","0.8793"
"8/1/2018","1533081600","0.9074"
"8/2/2018","1533168000","0.9067"
"8/3/2018","1533254400","0.9033"
"8/4/2018","1533340800","0.8915"
"8/5/2018","1533427200","0.8866"
"8/6/2018","1533513600","0.9117"
"8/7/2018","1533600000","0.9394"
"8/8/2018","1533686400","0.9547"
"8/9/2018","1533772800","0.9437"
"8/10/2018","1533859200","0.8972"
"8/11/2018","1533945600","0.8310"
"8/12/2018","1534032000","0.8333"
"8/13/2018","1534118400","0.8359"
"8/14/2018","1534204800","0.8249"
"8/15/2018","1534291200","0.8774"
"8/16/2018","1534377600","0.8794"
"8/17/2018","1534464000","0.9127"
"8/18/2018","1534550400","0.9085"
"8/19/2018","1534636800","0.8819"
"8/20/2018","1534723200","0.8744"
"8/21/2018","1534809600","0.8978"
"8/22/2018","1534896000","0.8953"
"8/23/2018","1534982400","0.9008"
"8/24/2018","1535068800","0.9004"
"8/25/2018","1535155200","0.8938"
"8/26/2018","1535241600","0.8924"
"8/27/2018","1535328000","0.8765"
"8/28/2018","1535414400","0.9041"
"8/29/2018","1535500800","0.8710"
"8/30/2018","1535587200","0.8840"
"8/31/2018","1535673600","0.8913"
"9/1/2018","1535760000","0.8925"
"9/2/2018","1535846400","0.8679"
"9/3/2018","1535932800","0.8791"
"9/4/2018","1536019200","0.8739"
"9/5/2018","1536105600","0.8458"
"9/6/2018","1536192000","0.8653"
"9/7/2018","1536278400","0.8853"
"9/8/2018","1536364800","0.8994"
"9/9/2018","1536451200","0.8909"
"9/10/2018","1536537600","0.8684"
"9/11/2018","1536624000","0.8465"
"9/12/2018","1536710400","0.8686"
"9/13/2018","1536796800","0.8359"
"9/14/2018","1536883200","0.8513"
"9/15/2018","1536969600","0.8815"
"9/16/2018","1537056000","0.8691"
"9/17/2018","1537142400","0.8672"
"9/18/2018","1537228800","0.8622"
"9/19/2018","1537315200","0.8748"
"9/20/2018","1537401600","0.8454"
"9/21/2018","1537488000","0.8578"
"9/22/2018","1537574400","0.8534"
"9/23/2018","1537660800","0.8441"
"9/24/2018","1537747200","0.8561"
"9/25/2018","1537833600","0.8594"
"9/26/2018","1537920000","0.8805"
"9/27/2018","1538006400","0.8756"
"9/28/2018","1538092800","0.8634"
"9/29/2018","1538179200","0.8167"
"9/30/2018","1538265600","0.8056"
"10/1/2018","1538352000","0.7913"
"10/2/2018","1538438400","0.7956"
"10/3/2018","1538524800","0.8337"
"10/4/2018","1538611200","0.8318"
"10/5/2018","1538697600","0.8146"
"10/6/2018","1538784000","0.7954"
"10/7/2018","1538870400","0.6806"
"10/8/2018","1538956800","0.7402"
"10/9/2018","1539043200","0.7522"
"10/10/2018","1539129600","0.6935"
"10/11/2018","1539216000","0.7676"
"10/12/2018","1539302400","0.7814"
"10/13/2018","1539388800","0.7346"
"10/14/2018","1539475200","0.7168"
"10/15/2018","1539561600","0.6848"
"10/16/2018","1539648000","0.7330"
"10/17/2018","1539734400","0.7428"
"10/18/2018","1539820800","0.7459"
"10/19/2018","1539907200","0.7257"
"10/20/2018","1539993600","0.7268"
"10/21/2018","1540080000","0.7341"
"10/22/2018","1540166400","0.7703"
"10/23/2018","1540252800","0.7395"
"10/24/2018","1540339200","0.7730"
"10/25/2018","1540425600","0.8162"
"10/26/2018","1540512000","0.7716"
"10/27/2018","1540598400","0.7154"
"10/28/2018","1540684800","0.7089"
"10/29/2018","1540771200","0.7291"
"10/30/2018","1540857600","0.7244"
"10/31/2018","1540944000","0.7232"
"11/1/2018","1541030400","0.7171"
"11/2/2018","1541116800","0.7172"
"11/3/2018","1541203200","0.6944"
"11/4/2018","1541289600","0.7070"
"11/5/2018","1541376000","0.7303"
"11/6/2018","1541462400","0.7267"
"11/7/2018","1541548800","0.7179"
"11/8/2018","1541635200","0.7201"
"11/9/2018","1541721600","0.7054"
"11/10/2018","1541808000","0.7170"
"11/11/2018","1541894400","0.7205"
"11/12/2018","1541980800","0.7120"
"11/13/2018","1542067200","0.6977"
"11/14/2018","1542153600","0.7364"
"11/15/2018","1542240000","0.7221"
"11/16/2018","1542326400","0.7168"
"11/17/2018","1542412800","0.7160"
"11/18/2018","1542499200","0.7389"
"11/19/2018","1542585600","0.8174"
"11/20/2018","1542672000","0.7849"
"11/21/2018","1542758400","0.7540"
"11/22/2018","1542844800","0.7281"
"11/23/2018","1542931200","0.7391"
"11/24/2018","1543017600","0.6625"
"11/25/2018","1543104000","0.6897"
"11/26/2018","1543190400","0.7252"
"11/27/2018","1543276800","0.7602"
"11/28/2018","1543363200","0.7942"
"11/29/2018","1543449600","0.8291"
"11/30/2018","1543536000","0.8583"
"12/1/2018","1543622400","0.7821"
"12/2/2018","1543708800","0.7628"
"12/3/2018","1543795200","0.7972"
"12/4/2018","1543881600","0.7973"
"12/5/2018","1543968000","0.8279"
"12/6/2018","1544054400","0.8051"
"12/7/2018","1544140800","0.7878"
"12/8/2018","1544227200","0.7544"
"12/9/2018","1544313600","0.7399"
"12/10/2018","1544400000","0.7299"
"12/11/2018","1544486400","0.7437"
"12/12/2018","1544572800","0.7332"
"12/13/2018","1544659200","0.7461"
"12/14/2018","1544745600","0.7342"
"12/15/2018","1544832000","0.7444"
"12/16/2018","1544918400","0.7418"
"12/17/2018","1545004800","0.7656"
"12/18/2018","1545091200","0.7796"
"12/19/2018","1545177600","0.7859"
"12/20/2018","1545264000","0.7915"
"12/21/2018","1545350400","0.7836"
"12/22/2018","1545436800","0.7358"
"12/23/2018","1545523200","0.7523"
"12/24/2018","1545609600","0.7780"
"12/25/2018","1545696000","0.7882"
"12/26/2018","1545782400","0.7695"
"12/27/2018","1545868800","0.7455"
"12/28/2018","1545955200","0.7652"
"12/29/2018","1546041600","0.7372"
"12/30/2018","1546128000","0.7864"
"12/31/2018","1546214400","0.7414"
"1/1/2019","1546300800","0.7026"
"1/2/2019","1546387200","0.7468"
"1/3/2019","1546473600","0.7613"
"1/4/2019","1546560000","0.7607"
"1/5/2019","1546646400","0.7197"
"1/6/2019","1546732800","0.6755"
"1/7/2019","1546819200","0.7115"
"1/8/2019","1546905600","0.7011"
"1/9/2019","1546992000","0.6978"
"1/10/2019","1547078400","0.7232"
"1/11/2019","1547164800","0.7487"
"1/12/2019","1547251200","0.6706"
"1/13/2019","1547337600","0.6558"
"1/14/2019","1547424000","0.7437"
"1/15/2019","1547510400","0.7028"
"1/16/2019","1547596800","0.7294"
"1/17/2019","1547683200","0.6982"
"1/18/2019","1547769600","0.7127"
"1/19/2019","1547856000","0.7476"
"1/20/2019","1547942400","0.7423"
"1/21/2019","1548028800","0.8342"
"1/22/2019","1548115200","0.8554"
"1/23/2019","1548201600","0.7960"
"1/24/2019","1548288000","0.7814"
"1/25/2019","1548374400","0.7586"
"1/26/2019","1548460800","0.8240"
"1/27/2019","1548547200","0.7868"
"1/28/2019","1548633600","0.8569"
"1/29/2019","1548720000","0.8453"
"1/30/2019","1548806400","0.8340"
"1/31/2019","1548892800","0.8957"
"2/1/2019","1548979200","0.8464"
"2/2/2019","1549065600","0.7687"
"2/3/2019","1549152000","0.7238"
"2/4/2019","1549238400","0.7144"
"2/5/2019","1549324800","0.7167"
"2/6/2019","1549411200","0.7343"
"2/7/2019","1549497600","0.7497"
"2/8/2019","1549584000","0.7712"
"2/9/2019","1549670400","0.7592"
"2/10/2019","1549756800","0.7792"
"2/11/2019","1549843200","0.8253"
"2/12/2019","1549929600","0.8368"
"2/13/2019","1550016000","0.8894"
"2/14/2019","1550102400","0.8742"
"2/15/2019","1550188800","0.9086"
"2/16/2019","1550275200","0.8894"
"2/17/2019","1550361600","0.9041"
"2/18/2019","1550448000","0.9300"
"2/19/2019","1550534400","0.9336"
"2/20/2019","1550620800","0.9350"
"2/21/2019","1550707200","0.9458"
"2/22/2019","1550793600","0.9431"
"2/23/2019","1550880000","0.9055"
"2/24/2019","1550966400","0.9230"
"2/25/2019","1551052800","0.9579"
"2/26/2019","1551139200","0.9595"
"2/27/2019","1551225600","0.9535"
"2/28/2019","1551312000","0.9472"
"3/1/2019","1551398400","0.8235"
"3/2/2019","1551484800","0.7550"
"3/3/2019","1551571200","0.7108"
"3/4/2019","1551657600","0.8196"
"3/5/2019","1551744000","0.7777"
"3/6/2019","1551830400","0.7397"
"3/7/2019","1551916800","0.7345"
"3/8/2019","1552003200","0.7608"
"3/9/2019","1552089600","0.7514"
"3/10/2019","1552176000","0.6973"
"3/11/2019","1552262400","0.7628"
"3/12/2019","1552348800","0.7576"
"3/13/2019","1552435200","0.8058"
"3/14/2019","1552521600","0.7871"
"3/15/2019","1552608000","0.7752"
"3/16/2019","1552694400","0.7253"
"3/17/2019","1552780800","0.7165"
"3/18/2019","1552867200","0.8398"
"3/19/2019","1552953600","0.8323"
"3/20/2019","1553040000","0.8151"
"3/21/2019","1553126400","0.9042"
"3/22/2019","1553212800","0.8463"
"3/23/2019","1553299200","0.7745"
"3/24/2019","1553385600","0.7652"
"3/25/2019","1553472000","0.8098"
"3/26/2019","1553558400","0.8276"
"3/27/2019","1553644800","0.8335"
"3/28/2019","1553731200","0.8023"
"3/29/2019","1553817600","0.8923"
"3/30/2019","1553904000","0.8626"
"3/31/2019","1553990400","0.8741"
"4/1/2019","1554076800","0.8598"
"4/2/2019","1554163200","0.8839"
"4/3/2019","1554249600","0.9080"
"4/4/2019","1554336000","0.8259"
"4/5/2019","1554422400","0.7562"
"4/6/2019","1554508800","0.7268"
"4/7/2019","1554595200","0.7086"
"4/8/2019","1554681600","0.8217"
"4/9/2019","1554768000","0.7735"
"4/10/2019","1554854400","0.8424"
"4/11/2019","1554940800","0.8736"
"4/12/2019","1555027200","0.7991"
"4/13/2019","1555113600","0.7241"
"4/14/2019","1555200000","0.7298"
"4/15/2019","1555286400","0.8172"
"4/16/2019","1555372800","0.8827"
"4/17/2019","1555459200","0.8298"
"4/18/2019","1555545600","0.8597"
"4/19/2019","1555632000","0.7835"
"4/20/2019","1555718400","0.7623"
"4/21/2019","1555804800","0.8050"
"4/22/2019","1555891200","0.8143"
"4/23/2019","1555977600","0.8440"
"4/24/2019","1556064000","0.8059"
"4/25/2019","1556150400","0.7589"
"4/26/2019","1556236800","0.7882"
"4/27/2019","1556323200","0.6704"
"4/28/2019","1556409600","0.7321"
"4/29/2019","1556496000","0.7522"
"4/30/2019","1556582400","0.8226"
"5/1/2019","1556668800","0.7957"
"5/2/2019","1556755200","0.8788"
"5/3/2019","1556841600","0.8152"
"5/4/2019","1556928000","0.7426"
"5/5/2019","1557014400","0.7793"
"5/6/2019","1557100800","0.8897"
"5/7/2019","1557187200","0.9615"
"5/8/2019","1557273600","0.8990"
"5/9/2019","1557360000","0.8819"
"5/10/2019","1557446400","0.8824"
"5/11/2019","1557532800","0.8562"
"5/12/2019","1557619200","0.8245"
"5/13/2019","1557705600","0.8707"
"5/14/2019","1557792000","0.9249"
"5/15/2019","1557878400","0.9453"
"5/16/2019","1557964800","0.9478"
"5/17/2019","1558051200","0.9434"
"5/18/2019","1558137600","0.9378"
"5/19/2019","1558224000","0.8998"
"5/20/2019","1558310400","0.9149"
"5/21/2019","1558396800","0.9225"
"5/22/2019","1558483200","0.9200"
"5/23/2019","1558569600","0.9286"
"5/24/2019","1558656000","0.9039"
"5/25/2019","1558742400","0.8597"
"5/26/2019","1558828800","0.8278"
"5/27/2019","1558915200","0.9270"
"5/28/2019","1559001600","0.9204"
"5/29/2019","1559088000","0.9449"
"5/30/2019","1559174400","0.9199"
"5/31/2019","1559260800","0.9143"
"6/1/2019","1559347200","0.9304"
"6/2/2019","1559433600","0.8760"
"6/3/2019","1559520000","0.9174"
"6/4/2019","1559606400","0.9156"
"6/5/2019","1559692800","0.8969"
"6/6/2019","1559779200","0.9197"
"6/7/2019","1559865600","0.8821"
"6/8/2019","1559952000","0.9101"
"6/9/2019","1560038400","0.8726"
"6/10/2019","1560124800","0.9118"
"6/11/2019","1560211200","0.9271"
"6/12/2019","1560297600","0.9165"
"6/13/2019","1560384000","0.9079"
"6/14/2019","1560470400","0.9109"
"6/15/2019","1560556800","0.9110"
"6/16/2019","1560643200","0.8649"
"6/17/2019","1560729600","0.9160"
"6/18/2019","1560816000","0.9203"
"6/19/2019","1560902400","0.9220"
"6/20/2019","1560988800","0.9233"
"6/21/2019","1561075200","0.8532"
"6/22/2019","1561161600","0.8151"
"6/23/2019","1561248000","0.8080"
"6/24/2019","1561334400","0.8541"
"6/25/2019","1561420800","0.9047"
"6/26/2019","1561507200","0.9397"
"6/27/2019","1561593600","0.9417"
"6/28/2019","1561680000","0.9240"
"6/29/2019","1561766400","0.7588"
"6/30/2019","1561852800","0.7455"
"7/1/2019","1561939200","0.8806"
"7/2/2019","1562025600","0.8945"
"7/3/2019","1562112000","0.8804"
"7/4/2019","1562198400","0.8190"
"7/5/2019","1562284800","0.8375"
"7/6/2019","1562371200","0.8171"
"7/7/2019","1562457600","0.7386"
"7/8/2019","1562544000","0.8395"
"7/9/2019","1562630400","0.8426"
"7/10/2019","1562716800","0.8090"
"7/11/2019","1562803200","0.8962"
"7/12/2019","1562889600","0.8324"
"7/13/2019","1562976000","0.6954"
"7/14/2019","1563062400","0.7604"
"7/15/2019","1563148800","0.8825"
"7/16/2019","1563235200","0.9284"
"7/17/2019","1563321600","0.8990"
"7/18/2019","1563408000","0.8161"
"7/19/2019","1563494400","0.8366"
"7/20/2019","1563580800","0.7194"
"7/21/2019","1563667200","0.6762"
"7/22/2019","1563753600","0.7331"
"7/23/2019","1563840000","0.7295"
"7/24/2019","1563926400","0.8676"
"7/25/2019","1564012800","0.9133"
"7/26/2019","1564099200","0.8158"
"7/27/2019","1564185600","0.7988"
"7/28/2019","1564272000","0.7959"
"7/29/2019","1564358400","0.8062"
"7/30/2019","1564444800","0.8212"
"7/31/2019","1564531200","0.8632"
"8/1/2019","1564617600","0.9023"
"8/2/2019","1564704000","0.8355"
"8/3/2019","1564790400","0.8240"
"8/4/2019","1564876800","0.7735"
"8/5/2019","1564963200","0.8445"
"8/6/2019","1565049600","0.9083"
"8/7/2019","1565136000","0.8804"
"8/8/2019","1565222400","0.8718"
"8/9/2019","1565308800","0.8392"
"8/10/2019","1565395200","0.7712"
"8/11/2019","1565481600","0.7578"
"8/12/2019","1565568000","0.8205"
"8/13/2019","1565654400","0.7947"
"8/14/2019","1565740800","0.8854"
"8/15/2019","1565827200","0.8804"
"8/16/2019","1565913600","0.8358"
"8/17/2019","1566000000","0.7785"
"8/18/2019","1566086400","0.7681"
"8/19/2019","1566172800","0.8952"
"8/20/2019","1566259200","0.9052"
"8/21/2019","1566345600","0.9131"
"8/22/2019","1566432000","0.8959"
"8/23/2019","1566518400","0.8940"
"8/24/2019","1566604800","0.8563"
"8/25/2019","1566691200","0.8991"
"8/26/2019","1566777600","0.9371"
"8/27/2019","1566864000","0.9132"
"8/28/2019","1566950400","0.9175"
"8/29/2019","1567036800","0.9185"
"8/30/2019","1567123200","0.9131"
"8/31/2019","1567209600","0.9067"
"9/1/2019","1567296000","0.9140"
"9/2/2019","1567382400","0.9328"
"9/3/2019","1567468800","0.9420"
"9/4/2019","1567555200","0.9356"
"9/5/2019","1567641600","0.9427"
"9/6/2019","1567728000","0.9474"
